<!--

  Source/ViewerSetup/UserData24.xml

  This version of UserData24.xml is installed on the client system.  The
  difference between it and the version that is installed on the AMICAS server
  is that the QUERY tab is included on the Dashboard. Since QuerySources includes
  an entry for local queries, this enables local queries.

  This particular version of the UserData24.xml is the default if no other
  UserData24.xml is installed. It is included as a standard part of the distribution
  and points to a the local 'sample' directory by default. This file will be paved
  over each time an upgrade is made to the client.

-->

<AmicasUserData>
    <Preferences>
	<EditablePresets>0</EditablePresets>
	<FloatableToolbar>0</FloatableToolbar>
	<HelpHome></HelpHome>
        <ImagePipelineVerbosity>0</ImagePipelineVerbosity>
        <MagnificationScale>2.0</MagnificationScale>
        <MagnifierHalfSize>64</MagnifierHalfSize>
        <PixelSize>0.2175</PixelSize>
        <ResourcePath></ResourcePath>
        <SlowImagePipelineOperation>0</SlowImagePipelineOperation>
	  <StackMode>0</StackMode>
	<PhotoInvert>1</PhotoInvert>
        <StartupControl></StartupControl>
        <Username>Preferences</Username>
        <show_warning>true</show_warning>
	<ColorWindowLevelPropagate>false</ColorWindowLevelPropagate>
	<UserCanLockStudy>false</UserCanLockStudy>
	<WorkStationAccessible>true</WorkStationAccessible>
	<LightViewAccessible>false</LightViewAccessible>
	<WorklistAccessible>false</WorklistAccessible>
	<HangingProtocolAccessible>false</HangingProtocolAccessible>
	<HangingProtocolShareable>true</HangingProtocolShareable>
	<HangingProtocolManageShared>false</HangingProtocolManageShared>
	<KImageAccessible>false</KImageAccessible>
	<ThreeDViewerAccessible>false</ThreeDViewerAccessible>
	<LosslessAccessible>false</LosslessAccessible>
	<LosslessAccessibleByDefault>false</LosslessAccessibleByDefault>
	<VoiceLinkAccessible>false</VoiceLinkAccessible>
	<StudyPresentationAccessible>false</StudyPresentationAccessible>
	<AutoBackgroundCachingEnabled>false</AutoBackgroundCachingEnabled>
	<ManualBackgroundCachingEnabled>false</ManualBackgroundCachingEnabled>
	<CanEraseOverwriteVoiceClips>true</CanEraseOverwriteVoiceClips>
	<VoiceClipsCanListen>false</VoiceClipsCanListen>
	<VoiceClipsCanRecord>false</VoiceClipsCanRecord>
	<UserCanSaveAnnotations>false</UserCanSaveAnnotations>
	<CanViewSpineLabels>true</CanViewSpineLabels>
	<CanEditSpineLabels>false</CanEditSpineLabels>
	<CanEditSpineLabelsOfRead>false</CanEditSpineLabelsOfRead> 
    </Preferences>

	<SiteOptions>
		<RegularExpression>
			<OR>"|"</OR>
		</RegularExpression>
	</SiteOptions>
		
    <DefinedServers>
        <DefinedServer name="Default AMICAS Server"
                       symbol="$AMICASSERVER$" ipAddress="salesdemo.amicas.com"
                       editable="true"></DefinedServer>
    </DefinedServers>

    <SharedVariables>
        <SharedVariable symbol="$AMICASSERVER$" name="AMICAS Server" type="text" count="-1" default="salesdemo.amicas.com"></SharedVariable>
    </SharedVariables>

    <Presets>
        <ModalityPresets modality="CT" propagate="false">
            <Preset name="Abdomen" window="350" level="40" units="HU"></Preset>
            <Preset name="Head" window="320" level="35" units="HU"></Preset>
            <Preset name="Brain" window="80" level="20" units="HU"></Preset>
            <Preset name="Lung" window="1500" level="-500" units="HU"></Preset>
            <Preset name="Mediastinum" window="180" level="50" units="HU"></Preset>
            <Preset name="Spine" window="300" level="3" units="HU"></Preset>
            <Preset name="Vertebrae" window="2000" level="350" units="HU"></Preset>
            <Preset name="Bone" window="2000" level="500" units="HU"></Preset>
        </ModalityPresets>
        <ModalityPresets modality="MR" propagate="false"></ModalityPresets>
    </Presets>

    <ColorMaps>
        <BaseURL>C:/Program Files/AMICAS/Viewer/color-table</BaseURL>
        <ModalityColorMaps modality="NM">
            <ColorMap name="Rainbow"></ColorMap>
            <ColorMap name="HotIron"></ColorMap>
            <ColorMap name="Sokoloff"></ColorMap>
        </ModalityColorMaps>
        <ModalityColorMaps modality="US">
            <ColorMap name="Rainbow"></ColorMap>
            <ColorMap name="HotIron"></ColorMap>
            <ColorMap name="Sokoloff"></ColorMap>
        </ModalityColorMaps>
        <ModalityColorMaps modality="PT">
            <ColorMap name="Rainbow"></ColorMap>
            <ColorMap name="HotIron"></ColorMap>
            <ColorMap name="Sokoloff"></ColorMap>
        </ModalityColorMaps>
    </ColorMaps>

    <DicomOverlaySpecification>
    	<Modalities>DE,CT,MR</Modalities>
        <DicomOverlayItem>0x0010,0x0010,DE,0,0,PatientName</DicomOverlayItem>
        <DicomOverlayItem>0x0010,0x0020,DE,0,1,PatientID</DicomOverlayItem>
        <DicomOverlayItem>0x0008,0x0050,DE,0,2,Accession</DicomOverlayItem>
        <DicomOverlayItem>0x0010,0x0030,DE,0,3,PatientBirthDate</DicomOverlayItem>
        <DicomOverlayItem>0x0010,0x0040,DE,0,4,PatientSex</DicomOverlayItem>
        <DicomOverlayItem>0x0018,0x0010,DE,2,1,ContrastBolusAgent</DicomOverlayItem>

       <DicomOverlayItem>0x0010,0x0010,CT,0,0,PatientName</DicomOverlayItem>
        <DicomOverlayItem>0x0010,0x0020,CT,0,1,PatientID</DicomOverlayItem>
        <DicomOverlayItem>0x0008,0x0050,CT,0,2,Accession</DicomOverlayItem>
        <DicomOverlayItem>0x0010,0x0030,CT,0,3,PatientBirthDate</DicomOverlayItem>
        <DicomOverlayItem>0x0010,0x0040,CT,0,4,PatientSex</DicomOverlayItem>
        <DicomOverlayItem>0x0018,0x0010,CT,2,1,ContrastBolusAgent</DicomOverlayItem>
	  <DicomOverlayItem>0x0008,0x0080,CT,1,0,InstitutionName</DicomOverlayItem>
        <DicomOverlayItem>0x0008,0x0023,CT,1,1,ImageDate</DicomOverlayItem>
        <DicomOverlayItem>0x0008,0x0033,CT,1,2,ImageTime</DicomOverlayItem>
        <DicomOverlayItem>0x0020,0x0013,CT,1,3,ImageNumber</DicomOverlayItem>
        <DicomOverlayItem>0x0020,0x1041,CT,1,4,SliceLocation</DicomOverlayItem>
        <DicomOverlayItem>0x0018,0x0050,CT,1,5,SliceThickness</DicomOverlayItem>
        <DicomOverlayItem>0x0018,0x0060,CT,3,0,KVP</DicomOverlayItem>
        <DicomOverlayItem>0x0018,0x1151,CT,3,1,XrayTubeCurrent</DicomOverlayItem>
        <DicomOverlayItem>0x0018,0x1120,CT,3,2,GantryTilt</DicomOverlayItem>

        <DicomOverlayItem>0x0010,0x0010,MR,0,0,PatientName</DicomOverlayItem>
        <DicomOverlayItem>0x0010,0x0020,MR,0,1,PatientID</DicomOverlayItem>
        <DicomOverlayItem>0x0008,0x0050,MR,0,2,Accession</DicomOverlayItem>
        <DicomOverlayItem>0x0010,0x0030,MR,0,3,PatientBirthDate</DicomOverlayItem>
        <DicomOverlayItem>0x0010,0x0040,MR,0,4,PatientSex</DicomOverlayItem>
        <DicomOverlayItem>0x0018,0x0010,MR,2,1,ContrastBolusAgent</DicomOverlayItem>
        <DicomOverlayItem>0x0020,0x0013,MR,2,2,ImageNumber</DicomOverlayItem>
	  <DicomOverlayItem>0x0008,0x0080,MR,1,0,InstitutionName</DicomOverlayItem>
        <DicomOverlayItem>0x0008,0x0023,MR,1,1,ImageDate</DicomOverlayItem>
        <DicomOverlayItem>0x0008,0x0033,MR,1,2,ImageTime</DicomOverlayItem>
        <DicomOverlayItem>0x0020,0x1041,MR,1,3,SliceLocation</DicomOverlayItem>
        <DicomOverlayItem>0x0018,0x0050,MR,1,4,SliceThickness</DicomOverlayItem>
        <DicomOverlayItem>0x0018,0x0086,MR,3,1,EchoNumber</DicomOverlayItem>
        <DicomOverlayItem>0x0018,0x0080,MR,3,2,RepetitionTime</DicomOverlayItem>
        <DicomOverlayItem>0x0018,0x0081,MR,3,3,EchoTime</DicomOverlayItem>
        <DicomOverlayItem>0x0020,0x4000,MR,3,4,ImageComments</DicomOverlayItem>
    </DicomOverlaySpecification>

    <QuerySources default="Local" queryImmediately="true">
        <EditableUrlDescriptor name="Local">file:///<Variable name="Drive" type="text" count="-1" default="D"></Variable>:/<Variable name="Filepath" type="text" count="-1" default="work\studies"></Variable>/</EditableUrlDescriptor>
    </QuerySources>

    <ArchiveSources default="DICOM Q/R">
        <ArchiveSource name="DICOM Q/R" urlRoot="http://$AMICASSERVER$:11099/dicomQuery?format=ascii&#38;request=CFIND">
            <Field name="MRN (Patient ID)" iorSet="0" parameterName="patientID" dicomGroup="0x10" dicomElement="0x20"></Field>
            <Field name="Accession" iorSet="0" parameterName="accessionNumber" dicomGroup="0x08" dicomElement="0x08"></Field>
            <Field name="DICOM Device" mustHave="true" parameterName="hostAETitle" default=""></Field>
            <Field name="Date (YYYYMMDD)" parameterName="studyDate"></Field>
        </ArchiveSource>
    </ArchiveSources>

    <RestoreTargets default="Default AMICAS Server">
        <EditableUrlDescriptor name="Default AMICAS Server">http://$AMICASSERVER$:11099/dicomQuery?request=CMOVE&#38;format=ascii</EditableUrlDescriptor>
    </RestoreTargets>

    <ImageStates>
        <OVERLAY>WARNING: Clinical data could be inaccurate;| check source</OVERLAY>
    </ImageStates>

    <DiskCache>
        <Root>C:/Program Files/AMICAS/Viewer/cache/</Root>
        <MaxSize>104857600</MaxSize>
        <PurgeCycle>300000</PurgeCycle>
	<CacheStudies>0</CacheStudies>
    </DiskCache>

  <SeriesLayout>
    <ModalitySeriesLayout modality="default">
      <Layout name="Monitor" autocalculate="false" columns="1" rows="1" secondaryColumns="1" secondaryRows="1"></Layout>
    </ModalitySeriesLayout>
    <ModalitySeriesLayout modality="CT">
      <Layout name="Monitor" autocalculate="false" columns="1" rows="1" secondaryColumns="1" secondaryRows="1"></Layout>
    </ModalitySeriesLayout>
    <ModalitySeriesLayout modality="MR">
      <Layout name="Monitor" autocalculate="false" columns="1" rows="1" secondaryColumns="1" secondaryRows="1"></Layout>
    </ModalitySeriesLayout>
    <ModalitySeriesLayout modality="CR">
      <Layout name="Monitor" autocalculate="false" columns="1" rows="1" secondaryColumns="1" secondaryRows="1"></Layout>
    </ModalitySeriesLayout>
    <ModalitySeriesLayout modality="US">
      <Layout name="Monitor" autocalculate="false" columns="1" rows="1" secondaryColumns="1" secondaryRows="1"></Layout>
    </ModalitySeriesLayout>
  </SeriesLayout>

  <ShowDicomOverlay>
    <ModalityShowDicomOverlay modality="default" value="false"></ModalityShowDicomOverlay>
    <ModalityShowDicomOverlay modality="CT" value="false"></ModalityShowDicomOverlay>
    <ModalityShowDicomOverlay modality="MR" value="false"></ModalityShowDicomOverlay>
    <ModalityShowDicomOverlay modality="CR" value="false"></ModalityShowDicomOverlay>
    <ModalityShowDicomOverlay modality="US" value="false"></ModalityShowDicomOverlay>
  </ShowDicomOverlay>

  <ShowReferenceLine>
    <ModalityShowReferenceLine modality="default" value="false"></ModalityShowReferenceLine>
    <ModalityShowReferenceLine modality="CT" value="true"></ModalityShowReferenceLine>
    <ModalityShowReferenceLine modality="MR" value="true"></ModalityShowReferenceLine>
    <ModalityShowReferenceLine modality="CR" value="false"></ModalityShowReferenceLine>
    <ModalityShowReferenceLine modality="US" value="false"></ModalityShowReferenceLine>
  </ShowReferenceLine>

  <StackThroughAllSeries>
    <ModalityStackThroughAllSeries modality="default" value="false"></ModalityStackThroughAllSeries>
    <ModalityStackThroughAllSeries modality="CT" value="true"></ModalityStackThroughAllSeries>
    <ModalityStackThroughAllSeries modality="MR" value="false"></ModalityStackThroughAllSeries>
    <ModalityStackThroughAllSeries modality="CR" value="false"></ModalityStackThroughAllSeries>
    <ModalityStackThroughAllSeries modality="US" value="false"></ModalityStackThroughAllSeries>
  </StackThroughAllSeries>

 <DisplayStudiesSideBySide>
    <ModalityDisplayStudiesSideBySide modality="default" value="true"></ModalityDisplayStudiesSideBySide>
    <ModalityDisplayStudiesSideBySide modality="CT" value="true"></ModalityDisplayStudiesSideBySide>
    <ModalityDisplayStudiesSideBySide modality="MR" value="true"></ModalityDisplayStudiesSideBySide>
    <ModalityDisplayStudiesSideBySide modality="CR" value="true"></ModalityDisplayStudiesSideBySide>
    <ModalityDisplayStudiesSideBySide modality="US" value="true"></ModalityDisplayStudiesSideBySide>
  </DisplayStudiesSideBySide>

  <GeneralPreferences>
    <Toolbar visible="true" top="true"></Toolbar>
    <DisplayStudiesSideBySide>true</DisplayStudiesSideBySide>
    <DisplayThumbnails>true</DisplayThumbnails>
    <PreserveViewportSize>true</PreserveViewportSize>
    <VoiceClip playvoiceclipwhenopeningstudy="false" autosave="false" DialogLocationX="0" DialogLocationY="0"></VoiceClip>
    <Voxar3D percentmemoryused="80" quality="100"></Voxar3D>
    <DeleteViewerImageCacheOnExit>false</DeleteViewerImageCacheOnExit>
    <IgnoreSPAndHPOnSecondaryViewer>false</IgnoreSPAndHPOnSecondaryViewer>
    <Dashboard DialogLocationX="0" DialogLocationY="0" DialogWidth="-1" DialogHeight="-1"></Dashboard>
    <UpdateStudyStatus DialogLocationX="0" DialogLocationY="0"></UpdateStudyStatus>
    <Subset3D DialogLocationX="0" DialogLocationY="0" DialogWidth="-1" DialogHeight="-1"></Subset3D>
    <VoiceLink name="Unknown" autosave="false" allowwindowtominimize="true" DialogLocationX="0" DialogLocationY="0" DialogWidth="-1" DialogHeight="-1"></VoiceLink>
    <Annotations autosave="true" DialogLocationX="0" DialogLocationY="0"></Annotations>
    <QueryTabAccessible>true</QueryTabAccessible>
    <VerifyTabAccessible>false</VerifyTabAccessible>
    <DICOMQRTabAccessible>false</DICOMQRTabAccessible>
    <ReportTabAccessible>false</ReportTabAccessible>
    <RoutingTabAccessible>false</RoutingTabAccessible>
  </GeneralPreferences>

</AmicasUserData>

