<?xml version="1.0" encoding="UTF-8" standalone="no"?>
<registration_data version="1.0">
   <environment>
      <hostname>MEDUSAW032</hostname>
      <hostId/>
      <osName>Windows Vista</osName>
      <osVersion>6.0</osVersion>
      <osArchitecture>x86</osArchitecture>
      <systemModel>OptiPlex 360</systemModel>
      <systemManufacturer>Dell Inc.</systemManufacturer>
      <cpuManufacturer>GenuineIntel</cpuManufacturer>
      <serialNumber>5P5L3BS</serialNumber>
   </environment>
   <registry urn="urn:st:dc2873d0-862f-4177-85b7-063fba3a824a" version="1.0">
      <service_tag>
         <instance_urn>urn:st:34245294-fecf-4696-82a6-62f56b4d4b56</instance_urn>
         <product_name>Java SE 6 Runtime Environment</product_name>
         <product_version>1.6.0_17</product_version>
         <product_urn>urn:uuid:92d1de8c-1e59-42c6-a280-1c379526bcbc</product_urn>
         <product_parent_urn>urn:uuid:fdc90b21-018d-4cab-b866-612c7c119ed3</product_parent_urn>
         <product_parent>Java Platform Standard Edition 6 (Java SE 6)</product_parent>
         <product_defined_inst_id>id=1.6.0_17-b04 x86,dir=C:\Program Files\Java\jre1.6.0_17</product_defined_inst_id>
         <product_vendor>Sun Microsystems</product_vendor>
         <platform_arch>x86</platform_arch>
         <timestamp>2010-03-26 14:00:16 GMT</timestamp>
         <container>global</container>
         <source>Windows JRE installer</source>
         <installer_uid>-1</installer_uid>
      </service_tag>
   </registry>
</registration_data>
